patient_id,status,note,train_images,val_images,train_originals,val_originals
ATM0044,exact_overlap,,"data\optic_disc\train\images\0211.png
data\optic_disc\train\images\0212.png
data\optic_disc\train\images\0213.png
data\optic_disc\train\images\0214.png
data\optic_disc\train\images\0215.png
data\optic_disc\train\images\0216.png
data\optic_disc\train\images\0217.png
data\optic_disc\train\images\0218.png
data\optic_disc\train\images\0233.png
data\optic_disc\train\images\0234.png
data\optic_disc\train\images\0314.png
data\optic_disc\train\images\0315.png
data\optic_disc\train\images\0316.png
data\optic_disc\train\images\0372.png
data\optic_disc\train\images\0373.png
data\optic_disc\train\images\0392.png
data\optic_disc\train\images\0393.png
data\optic_disc\train\images\0394.png
data\optic_disc\train\images\0395.png
data\optic_disc\train\images\0396.png
data\optic_disc\train\images\0397.png
data\optic_disc\train\images\0408.png
data\optic_disc\train\images\0409.png
data\optic_disc\train\images\0410.png
data\optic_disc\train\images\0411.png
data\optic_disc\train\images\0412.png
data\optic_disc\train\images\0578.png
data\optic_disc\train\images\0579.png
data\optic_disc\train\images\0580.png
data\optic_disc\train\images\0581.png
data\optic_disc\train\images\0582.png
data\optic_disc\train\images\0583.png","data\optic_disc\val\images\0145.png
data\optic_disc\val\images\0146.png
data\optic_disc\val\images\0147.png
data\optic_disc\val\images\0148.png
data\optic_disc\val\images\0149.png
data\optic_disc\val\images\0150.png","Y:\250519\250519_ATM0044_1_HD_2\png\250519_ATM0044_1_HD_2_M0.png
Y:\250519\250519_ATM0044_2_HD_2\png\250519_ATM0044_2_HD_2_M0.png
Y:\250519\250519_ATM0044_HD_2\png\250519_ATM0044_HD_2_M0.png
Y:\250519\250519_ATM0044_R_1_HD_2\png\250519_ATM0044_R_1_HD_2_M0.png
Y:\250519\250519_ATM0044_R_2_HD_2\png\250519_ATM0044_R_2_HD_2_M0.png
Y:\250519\250519_ATM0044_R_3_HD_2\png\250519_ATM0044_R_3_HD_2_M0.png
Y:\250519\250519_ATM0044_R_4_HD_2\png\250519_ATM0044_R_4_HD_2_M0.png
Y:\250519\250519_ATM0044_R_HD_2\png\250519_ATM0044_R_HD_2_M0.png
Y:\250520\250520_ATM0044_1_HD_1\png\250520_ATM0044_1_HD_1_M0.png
Y:\250520\250520_ATM0044_HD_1\png\250520_ATM0044_HD_1_M0.png
Y:\250527\after_5mW\250527_ATM0044_R_1_HD_2\png\250527_ATM0044_R_1_HD_2_M0.png
Y:\250527\after_5mW\250527_ATM0044_R_2_HD_2\png\250527_ATM0044_R_2_HD_2_M0.png
Y:\250527\after_5mW\250527_ATM0044_R_HD_2\png\250527_ATM0044_R_HD_2_M0.png
Y:\250606\250606_ATM0044_L_1_HD_4\png\250606_ATM0044_L_1_HD_4_M0.png
Y:\250606\250606_ATM0044_L_HD_4\png\250606_ATM0044_L_HD_4_M0.png
Y:\250611\250611_ATM_0044_L_1_HD_1\png\250611_ATM_0044_L_1_HD_1_M0.png
Y:\250611\250611_ATM_0044_L_HD_2\png\250611_ATM_0044_L_HD_2_M0.png
Y:\250611\250611_ATM_0044_R_1_HD_1\png\250611_ATM_0044_R_1_HD_1_M0.png
Y:\250611\250611_ATM_0044_R_2_HD_1\png\250611_ATM_0044_R_2_HD_1_M0.png
Y:\250611\250611_ATM_0044_R_3_HD_1\png\250611_ATM_0044_R_3_HD_1_M0.png
Y:\250611\250611_ATM_0044_R_HD_1\png\250611_ATM_0044_R_HD_1_M0.png
Y:\250612\250612_ATM0044_L_1_HD_1\png\250612_ATM0044_L_1_HD_1_M0.png
Y:\250612\250612_ATM0044_L_2_HD_1\png\250612_ATM0044_L_2_HD_1_M0.png
Y:\250612\250612_ATM0044_L_HD_1\png\250612_ATM0044_L_HD_1_M0.png
Y:\250612\250612_ATM0044_R_1_HD_1\png\250612_ATM0044_R_1_HD_1_M0.png
Y:\250612\250612_ATM0044_R_2_HD_1\png\250612_ATM0044_R_2_HD_1_M0.png
Y:\250806\250806_ATM_0044_L_1_HD_1\png\250806_ATM_0044_L_1_HD_1_M0.png
Y:\250806\250806_ATM_0044_L_2_HD_1\png\250806_ATM_0044_L_2_HD_1_M0.png
Y:\250806\250806_ATM_0044_L_HD_1\png\250806_ATM_0044_L_HD_1_M0.png
Y:\250806\250806_ATM_0044_R_1_HD_1\png\250806_ATM_0044_R_1_HD_1_M0.png
Y:\250806\250806_ATM_0044_R_2_HD_1\png\250806_ATM_0044_R_2_HD_1_M0.png
Y:\250806\250806_ATM_0044_R_HD_1\png\250806_ATM_0044_R_HD_1_M0.png","Y:\250512\250512_ATM0044_L_1_HD_1\png\250512_ATM0044_L_1_HD_1_M0.png
Y:\250512\250512_ATM0044_L_2_HD_1\png\250512_ATM0044_L_2_HD_1_M0.png
Y:\250512\250512_ATM0044_L_HD_1\png\250512_ATM0044_L_HD_1_M0.png
Y:\250512\250512_ATM0044_R_1_HD_1\png\250512_ATM0044_R_1_HD_1_M0.png
Y:\250512\250512_ATM0044_R_2_HD_1\png\250512_ATM0044_R_2_HD_1_M0.png
Y:\250512\250512_ATM0044_R_HD_1\png\250512_ATM0044_R_HD_1_M0.png"
AUZ0752,exact_overlap,,"data\optic_disc\train\images\0198.png
data\optic_disc\train\images\0199.png
data\optic_disc\train\images\0200.png
data\optic_disc\train\images\0201.png
data\optic_disc\train\images\0202.png
data\optic_disc\train\images\0203.png
data\optic_disc\train\images\0204.png
data\optic_disc\train\images\0219.png
data\optic_disc\train\images\0220.png
data\optic_disc\train\images\0221.png
data\optic_disc\train\images\0222.png
data\optic_disc\train\images\0223.png
data\optic_disc\train\images\0224.png
data\optic_disc\train\images\0225.png
data\optic_disc\train\images\0232.png
data\optic_disc\train\images\0235.png
data\optic_disc\train\images\0236.png
data\optic_disc\train\images\0237.png
data\optic_disc\train\images\0238.png
data\optic_disc\train\images\0239.png
data\optic_disc\train\images\0240.png
data\optic_disc\train\images\0247.png
data\optic_disc\train\images\0248.png
data\optic_disc\train\images\0249.png
data\optic_disc\train\images\0250.png
data\optic_disc\train\images\0251.png
data\optic_disc\train\images\0252.png
data\optic_disc\train\images\0259.png
data\optic_disc\train\images\0260.png
data\optic_disc\train\images\0261.png
data\optic_disc\train\images\0262.png
data\optic_disc\train\images\0263.png
data\optic_disc\train\images\0264.png
data\optic_disc\train\images\0271.png
data\optic_disc\train\images\0272.png
data\optic_disc\train\images\0273.png
data\optic_disc\train\images\0274.png
data\optic_disc\train\images\0275.png
data\optic_disc\train\images\0276.png
data\optic_disc\train\images\0296.png
data\optic_disc\train\images\0297.png
data\optic_disc\train\images\0298.png
data\optic_disc\train\images\0299.png
data\optic_disc\train\images\0300.png
data\optic_disc\train\images\0301.png
data\optic_disc\train\images\0317.png
data\optic_disc\train\images\0318.png
data\optic_disc\train\images\0319.png
data\optic_disc\train\images\0320.png
data\optic_disc\train\images\0321.png
data\optic_disc\train\images\0322.png
data\optic_disc\train\images\0335.png
data\optic_disc\train\images\0336.png
data\optic_disc\train\images\0337.png
data\optic_disc\train\images\0338.png
data\optic_disc\train\images\0339.png
data\optic_disc\train\images\0340.png
data\optic_disc\train\images\0432.png
data\optic_disc\train\images\0433.png
data\optic_disc\train\images\0434.png
data\optic_disc\train\images\0435.png
data\optic_disc\train\images\0436.png
data\optic_disc\train\images\0437.png
data\optic_disc\train\images\0438.png
data\optic_disc\train\images\0439.png
data\optic_disc\train\images\0440.png
data\optic_disc\train\images\0441.png
data\optic_disc\train\images\0442.png
data\optic_disc\train\images\0443.png
data\optic_disc\train\images\0444.png
data\optic_disc\train\images\0445.png
data\optic_disc\train\images\0446.png
data\optic_disc\train\images\0447.png
data\optic_disc\train\images\0448.png
data\optic_disc\train\images\0449.png
data\optic_disc\train\images\0450.png
data\optic_disc\train\images\0451.png
data\optic_disc\train\images\0452.png
data\optic_disc\train\images\0453.png
data\optic_disc\train\images\0454.png
data\optic_disc\train\images\0455.png
data\optic_disc\train\images\0456.png
data\optic_disc\train\images\0457.png
data\optic_disc\train\images\0458.png
data\optic_disc\train\images\0459.png
data\optic_disc\train\images\0460.png
data\optic_disc\train\images\0461.png
data\optic_disc\train\images\0563.png
data\optic_disc\train\images\0638.png
data\optic_disc\train\images\0639.png
data\optic_disc\train\images\0640.png","data\optic_disc\val\images\0003.png
data\optic_disc\val\images\0004.png
data\optic_disc\val\images\0005.png
data\optic_disc\val\images\0006.png
data\optic_disc\val\images\0007.png
data\optic_disc\val\images\0008.png
data\optic_disc\val\images\0078.png
data\optic_disc\val\images\0079.png
data\optic_disc\val\images\0080.png
data\optic_disc\val\images\0081.png
data\optic_disc\val\images\0082.png
data\optic_disc\val\images\0083.png","Y:\250515\250515_AUZ0752_L_1_HD_1\png\250515_AUZ0752_L_1_HD_1_M0.png
Y:\250515\250515_AUZ0752_L_2_HD_1\png\250515_AUZ0752_L_2_HD_1_M0.png
Y:\250515\250515_AUZ0752_L_3_HD_1\png\250515_AUZ0752_L_3_HD_1_M0.png
Y:\250515\250515_AUZ0752_L_HD_1\png\250515_AUZ0752_L_HD_1_M0.png
Y:\250515\250515_AUZ0752_R_1_HD_1\png\250515_AUZ0752_R_1_HD_1_M0.png
Y:\250515\250515_AUZ0752_R_2_HD_1\png\250515_AUZ0752_R_2_HD_1_M0.png
Y:\250515\250515_AUZ0752_R_HD_1\png\250515_AUZ0752_R_HD_1_M0.png
Y:\250519\250519_AUZ0752_L_1_HD_2\png\250519_AUZ0752_L_1_HD_2_M0.png
Y:\250519\250519_AUZ0752_L_2_HD_2\png\250519_AUZ0752_L_2_HD_2_M0.png
Y:\250519\250519_AUZ0752_L_3_HD_2\png\250519_AUZ0752_L_3_HD_2_M0.png
Y:\250519\250519_AUZ0752_L_HD_2\png\250519_AUZ0752_L_HD_2_M0.png
Y:\250519\250519_AUZ0752_R_1_HD_2\png\250519_AUZ0752_R_1_HD_2_M0.png
Y:\250519\250519_AUZ0752_R_2_HD_2\png\250519_AUZ0752_R_2_HD_2_M0.png
Y:\250519\250519_AUZ0752_R_HD_2\png\250519_AUZ0752_R_HD_2_M0.png
Y:\250519\250521_AUZ0752_HD_2\png\250521_AUZ0752_HD_2_M0.png
Y:\250520\250520_AUZ0752_L_1_HD_1\png\250520_AUZ0752_L_1_HD_1_M0.png
Y:\250520\250520_AUZ0752_L_2_HD_1\png\250520_AUZ0752_L_2_HD_1_M0.png
Y:\250520\250520_AUZ0752_L_HD_1\png\250520_AUZ0752_L_HD_1_M0.png
Y:\250520\250520_AUZ0752_R_1_HD_1\png\250520_AUZ0752_R_1_HD_1_M0.png
Y:\250520\250520_AUZ0752_R_2_HD_1\png\250520_AUZ0752_R_2_HD_1_M0.png
Y:\250520\250520_AUZ0752_R_HD_1\png\250520_AUZ0752_R_HD_1_M0.png
Y:\250521\250521_AUZ0752_L_1_HD_1\png\250521_AUZ0752_L_1_HD_1_M0.png
Y:\250521\250521_AUZ0752_L_2_HD_1\png\250521_AUZ0752_L_2_HD_1_M0.png
Y:\250521\250521_AUZ0752_L_HD_1\png\250521_AUZ0752_L_HD_1_M0.png
Y:\250521\250521_AUZ0752_R_1_HD_1\png\250521_AUZ0752_R_1_HD_1_M0.png
Y:\250521\250521_AUZ0752_R_2_HD_1\png\250521_AUZ0752_R_2_HD_1_M0.png
Y:\250521\250521_AUZ0752_R_HD_1\png\250521_AUZ0752_R_HD_1_M0.png
Y:\250522\250522_AUZ0752_L_1_HD_1\png\250522_AUZ0752_L_1_HD_1_M0.png
Y:\250522\250522_AUZ0752_L_2_HD_1\png\250522_AUZ0752_L_2_HD_1_M0.png
Y:\250522\250522_AUZ0752_L_HD_1\png\250522_AUZ0752_L_HD_1_M0.png
Y:\250522\250522_AUZ0752_R_1_HD_1\png\250522_AUZ0752_R_1_HD_1_M0.png
Y:\250522\250522_AUZ0752_R_2_HD_1\png\250522_AUZ0752_R_2_HD_1_M0.png
Y:\250522\250522_AUZ0752_R_HD_1\png\250522_AUZ0752_R_HD_1_M0.png
Y:\250523\250523_AUZ0752_L_1_HD_1\png\250523_AUZ0752_L_1_HD_1_M0.png
Y:\250523\250523_AUZ0752_L_2_HD_1\png\250523_AUZ0752_L_2_HD_1_M0.png
Y:\250523\250523_AUZ0752_L_HD_1\png\250523_AUZ0752_L_HD_1_M0.png
Y:\250523\250523_AUZ0752_R_1_HD_1\png\250523_AUZ0752_R_1_HD_1_M0.png
Y:\250523\250523_AUZ0752_R_2_HD_1\png\250523_AUZ0752_R_2_HD_1_M0.png
Y:\250523\250523_AUZ0752_R_HD_1\png\250523_AUZ0752_R_HD_1_M0.png
Y:\250526\250526_AUZ0752_L_1_HD_1\png\250526_AUZ0752_L_1_HD_1_M0.png
Y:\250526\250526_AUZ0752_L_2_HD_1\png\250526_AUZ0752_L_2_HD_1_M0.png
Y:\250526\250526_AUZ0752_L_HD_1\png\250526_AUZ0752_L_HD_1_M0.png
Y:\250526\250526_AUZ0752_R_1_HD_1\png\250526_AUZ0752_R_1_HD_1_M0.png
Y:\250526\250526_AUZ0752_R_2_HD_1\png\250526_AUZ0752_R_2_HD_1_M0.png
Y:\250526\250526_AUZ0752_R_HD_1\png\250526_AUZ0752_R_HD_1_M0.png
Y:\250527\after_5mW\250527_AUZ0752_L_1_HD_1\png\250527_AUZ0752_L_1_HD_1_M0.png
Y:\250527\after_5mW\250527_AUZ0752_L_2_HD_1\png\250527_AUZ0752_L_2_HD_1_M0.png
Y:\250527\after_5mW\250527_AUZ0752_L_HD_2\png\250527_AUZ0752_L_HD_2_M0.png
Y:\250527\after_5mW\250527_AUZ0752_R_1_HD_1\png\250527_AUZ0752_R_1_HD_1_M0.png
Y:\250527\after_5mW\250527_AUZ0752_R_2_HD_1\png\250527_AUZ0752_R_2_HD_1_M0.png
Y:\250527\after_5mW\250527_AUZ0752_R_HD_1\png\250527_AUZ0752_R_HD_1_M0.png
Y:\250527\before_2_5mW\250527_AUZ0752_L_1_HD_1\png\250527_AUZ0752_L_1_HD_1_M0.png
Y:\250527\before_2_5mW\250527_AUZ0752_L_2_HD_1\png\250527_AUZ0752_L_2_HD_1_M0.png
Y:\250527\before_2_5mW\250527_AUZ0752_L_HD_1\png\250527_AUZ0752_L_HD_1_M0.png
Y:\250527\before_2_5mW\250527_AUZ0752_R_1_HD_1\png\250527_AUZ0752_R_1_HD_1_M0.png
Y:\250527\before_2_5mW\250527_AUZ0752_R_2_HD_1\png\250527_AUZ0752_R_2_HD_1_M0.png
Y:\250527\before_2_5mW\250527_AUZ0752_R_HD_1\png\250527_AUZ0752_R_HD_1_M0.png
Y:\250619\valsalva1\250619_AUZ0752_L_1_HD_1\png\250619_AUZ0752_L_1_HD_1_M0.png
Y:\250619\valsalva1\250619_AUZ0752_L_2_HD_1\png\250619_AUZ0752_L_2_HD_1_M0.png
Y:\250619\valsalva1\250619_AUZ0752_L_3_HD_1\png\250619_AUZ0752_L_3_HD_1_M0.png
Y:\250619\valsalva1\250619_AUZ0752_L_4_HD_1\png\250619_AUZ0752_L_4_HD_1_M0.png
Y:\250619\valsalva1\250619_AUZ0752_L_5_HD_1\png\250619_AUZ0752_L_5_HD_1_M0.png
Y:\250619\valsalva1\250619_AUZ0752_L_6_HD_1\png\250619_AUZ0752_L_6_HD_1_M0.png
Y:\250619\valsalva1\250619_AUZ0752_L_7_HD_1\png\250619_AUZ0752_L_7_HD_1_M0.png
Y:\250619\valsalva1\250619_AUZ0752_L_8_HD_1\png\250619_AUZ0752_L_8_HD_1_M0.png
Y:\250619\valsalva1\250619_AUZ0752_L_9_HD_1\png\250619_AUZ0752_L_9_HD_1_M0.png
Y:\250619\valsalva1\250619_AUZ0752_L_HD_1\png\250619_AUZ0752_L_HD_1_M0.png
Y:\250619\valsalva2\250619_AUZ0752_L_1_HD_1\png\250619_AUZ0752_L_1_HD_1_M0.png
Y:\250619\valsalva2\250619_AUZ0752_L_2_HD_1\png\250619_AUZ0752_L_2_HD_1_M0.png
Y:\250619\valsalva2\250619_AUZ0752_L_3_HD_1\png\250619_AUZ0752_L_3_HD_1_M0.png
Y:\250619\valsalva2\250619_AUZ0752_L_4_HD_1\png\250619_AUZ0752_L_4_HD_1_M0.png
Y:\250619\valsalva2\250619_AUZ0752_L_5_HD_1\png\250619_AUZ0752_L_5_HD_1_M0.png
Y:\250619\valsalva2\250619_AUZ0752_L_6_HD_1\png\250619_AUZ0752_L_6_HD_1_M0.png
Y:\250619\valsalva2\250619_AUZ0752_L_7_HD_1\png\250619_AUZ0752_L_7_HD_1_M0.png
Y:\250619\valsalva2\250619_AUZ0752_L_8_HD_1\png\250619_AUZ0752_L_8_HD_1_M0.png
Y:\250619\valsalva2\250619_AUZ0752_L_9_HD_1\png\250619_AUZ0752_L_9_HD_1_M0.png
Y:\250619\valsalva2\250619_AUZ0752_L_HD_1\png\250619_AUZ0752_L_HD_1_M0.png
Y:\250619\valsalva3\250619_AUZ0752_L_1_HD_1\png\250619_AUZ0752_L_1_HD_1_M0.png
Y:\250619\valsalva3\250619_AUZ0752_L_2_HD_1\png\250619_AUZ0752_L_2_HD_1_M0.png
Y:\250619\valsalva3\250619_AUZ0752_L_3_HD_1\png\250619_AUZ0752_L_3_HD_1_M0.png
Y:\250619\valsalva3\250619_AUZ0752_L_4_HD_1\png\250619_AUZ0752_L_4_HD_1_M0.png
Y:\250619\valsalva3\250619_AUZ0752_L_5_HD_1\png\250619_AUZ0752_L_5_HD_1_M0.png
Y:\250619\valsalva3\250619_AUZ0752_L_6_HD_1\png\250619_AUZ0752_L_6_HD_1_M0.png
Y:\250619\valsalva3\250619_AUZ0752_L_7_HD_1\png\250619_AUZ0752_L_7_HD_1_M0.png
Y:\250619\valsalva3\250619_AUZ0752_L_8_HD_1\png\250619_AUZ0752_L_8_HD_1_M0.png
Y:\250619\valsalva3\250619_AUZ0752_L_9_HD_1\png\250619_AUZ0752_L_9_HD_1_M0.png
Y:\250619\valsalva3\250619_AUZ0752_L_HD_1\png\250619_AUZ0752_L_HD_1_M0.png
Y:\250723\250723_AUZ0752_HD_2\png\250723_AUZ0752_HD_2_M0.png
Y:\250902\250902_AUZ0752_L_1_HD_1\png\250902_AUZ0752_L_1_HD_1_M0.png
Y:\250902\250902_AUZ0752_L_2_HD_1\png\250902_AUZ0752_L_2_HD_1_M0.png
Y:\250902\250902_AUZ0752_L_HD_1\png\250902_AUZ0752_L_HD_1_M0.png","Y:\250428\250428_AUZ0752_L_1_HD_1\png\250428_AUZ0752_L_1_HD_1_M0.png
Y:\250428\250428_AUZ0752_L_2_HD_1\png\250428_AUZ0752_L_2_HD_1_M0.png
Y:\250428\250428_AUZ0752_L_HD_1\png\250428_AUZ0752_L_HD_1_M0.png
Y:\250428\250428_AUZ0752_R_1_HD_1\png\250428_AUZ0752_R_1_HD_1_M0.png
Y:\250428\250428_AUZ0752_R_2_HD_1\png\250428_AUZ0752_R_2_HD_1_M0.png
Y:\250428\250428_AUZ0752_R_HD_1\png\250428_AUZ0752_R_HD_1_M0.png
Y:\250507\250507_AUZ0752_L_1_HD_1\png\250507_AUZ0752_L_1_HD_1_M0.png
Y:\250507\250507_AUZ0752_L_2_HD_1\png\250507_AUZ0752_L_2_HD_1_M0.png
Y:\250507\250507_AUZ0752_L_HD_2\png\250507_AUZ0752_L_HD_2_M0.png
Y:\250507\250507_AUZ0752_R_1_HD_2\png\250507_AUZ0752_R_1_HD_2_M0.png
Y:\250507\250507_AUZ0752_R_2_HD_2\png\250507_AUZ0752_R_2_HD_2_M0.png
Y:\250507\250507_AUZ0752_R_HD_2\png\250507_AUZ0752_R_HD_2_M0.png"
BEM0552,exact_overlap,,"data\optic_disc\train\images\0205.png
data\optic_disc\train\images\0206.png
data\optic_disc\train\images\0207.png
data\optic_disc\train\images\0208.png
data\optic_disc\train\images\0209.png
data\optic_disc\train\images\0210.png","data\optic_disc\val\images\0009.png
data\optic_disc\val\images\0010.png
data\optic_disc\val\images\0011.png
data\optic_disc\val\images\0012.png
data\optic_disc\val\images\0013.png
data\optic_disc\val\images\0014.png
data\optic_disc\val\images\0116.png
data\optic_disc\val\images\0117.png
data\optic_disc\val\images\0118.png
data\optic_disc\val\images\0119.png
data\optic_disc\val\images\0120.png
data\optic_disc\val\images\0121.png","Y:\250515\250515_BEM0552_L_1_HD_1\png\250515_BEM0552_L_1_HD_1_M0.png
Y:\250515\250515_BEM0552_L_2_HD_1\png\250515_BEM0552_L_2_HD_1_M0.png
Y:\250515\250515_BEM0552_L_HD_1\png\250515_BEM0552_L_HD_1_M0.png
Y:\250515\250515_BEM0552_R_1_HD_1\png\250515_BEM0552_R_1_HD_1_M0.png
Y:\250515\250515_BEM0552_R_2_HD_1\png\250515_BEM0552_R_2_HD_1_M0.png
Y:\250515\250515_BEM0552_R_HD_1\png\250515_BEM0552_R_HD_1_M0.png","Y:\250428\250428_BEM0552_L_1_HD_1\png\250428_BEM0552_L_1_HD_1_M0.png
Y:\250428\250428_BEM0552_L_2_HD_2\png\250428_BEM0552_L_2_HD_2_M0.png
Y:\250428\250428_BEM0552_L_HD_1\png\250428_BEM0552_L_HD_1_M0.png
Y:\250428\250428_BEM0552_R_1_HD_1\png\250428_BEM0552_R_1_HD_1_M0.png
Y:\250428\250428_BEM0552_R_2_HD_1\png\250428_BEM0552_R_2_HD_1_M0.png
Y:\250428\250428_BEM0552_R_HD_1\png\250428_BEM0552_R_HD_1_M0.png
Y:\250509\250509_BEM0552_L_1_HD_1\png\250509_BEM0552_L_1_HD_1_M0.png
Y:\250509\250509_BEM0552_L_2_HD_1\png\250509_BEM0552_L_2_HD_1_M0.png
Y:\250509\250509_BEM0552_L_HD_1\png\250509_BEM0552_L_HD_1_M0.png
Y:\250509\250509_BEM0552_R_1_HD_1\png\250509_BEM0552_R_1_HD_1_M0.png
Y:\250509\250509_BEM0552_R_2_HD_1\png\250509_BEM0552_R_2_HD_1_M0.png
Y:\250509\250509_BEM0552_R_HD_1\png\250509_BEM0552_R_HD_1_M0.png"
BOM0753,exact_overlap,,"data\optic_disc\train\images\0253.png
data\optic_disc\train\images\0254.png
data\optic_disc\train\images\0255.png
data\optic_disc\train\images\0256.png
data\optic_disc\train\images\0257.png
data\optic_disc\train\images\0258.png
data\optic_disc\train\images\0302.png
data\optic_disc\train\images\0303.png
data\optic_disc\train\images\0304.png
data\optic_disc\train\images\0305.png
data\optic_disc\train\images\0306.png
data\optic_disc\train\images\0307.png
data\optic_disc\train\images\0348.png
data\optic_disc\train\images\0349.png
data\optic_disc\train\images\0350.png
data\optic_disc\train\images\0351.png
data\optic_disc\train\images\0374.png
data\optic_disc\train\images\0375.png
data\optic_disc\train\images\0376.png
data\optic_disc\train\images\0377.png
data\optic_disc\train\images\0378.png
data\optic_disc\train\images\0379.png
data\optic_disc\train\images\0469.png
data\optic_disc\train\images\0470.png
data\optic_disc\train\images\0471.png
data\optic_disc\train\images\0472.png
data\optic_disc\train\images\0473.png
data\optic_disc\train\images\0474.png
data\optic_disc\train\images\0475.png
data\optic_disc\train\images\0476.png
data\optic_disc\train\images\0477.png
data\optic_disc\train\images\0478.png
data\optic_disc\train\images\0479.png
data\optic_disc\train\images\0480.png
data\optic_disc\train\images\0584.png
data\optic_disc\train\images\0585.png
data\optic_disc\train\images\0586.png
data\optic_disc\train\images\0587.png
data\optic_disc\train\images\0588.png
data\optic_disc\train\images\0589.png","data\optic_disc\val\images\0016.png
data\optic_disc\val\images\0017.png
data\optic_disc\val\images\0018.png
data\optic_disc\val\images\0019.png
data\optic_disc\val\images\0020.png
data\optic_disc\val\images\0021.png
data\optic_disc\val\images\0151.png
data\optic_disc\val\images\0152.png
data\optic_disc\val\images\0153.png
data\optic_disc\val\images\0154.png
data\optic_disc\val\images\0155.png
data\optic_disc\val\images\0156.png","Y:\250521\250521_BOM0753_L_1_HD_1\png\250521_BOM0753_L_1_HD_1_M0.png
Y:\250521\250521_BOM0753_L_2_HD_1\png\250521_BOM0753_L_2_HD_1_M0.png
Y:\250521\250521_BOM0753_L_HD_1\png\250521_BOM0753_L_HD_1_M0.png
Y:\250521\250521_BOM0753_R_1_HD_1\png\250521_BOM0753_R_1_HD_1_M0.png
Y:\250521\250521_BOM0753_R_2_HD_1\png\250521_BOM0753_R_2_HD_1_M0.png
Y:\250521\250521_BOM0753_R_HD_1\png\250521_BOM0753_R_HD_1_M0.png
Y:\250526\250526_BOM0753_L_1_HD_1\png\250526_BOM0753_L_1_HD_1_M0.png
Y:\250526\250526_BOM0753_L_2_HD_1\png\250526_BOM0753_L_2_HD_1_M0.png
Y:\250526\250526_BOM0753_L_HD_1\png\250526_BOM0753_L_HD_1_M0.png
Y:\250526\250526_BOM0753_R_1_HD_1\png\250526_BOM0753_R_1_HD_1_M0.png
Y:\250526\250526_BOM0753_R_2_HD_1\png\250526_BOM0753_R_2_HD_1_M0.png
Y:\250526\250526_BOM0753_R_HD_1\png\250526_BOM0753_R_HD_1_M0.png
Y:\250528\250528_BOM0753_L_1_HD_1\png\250528_BOM0753_L_1_HD_1_M0.png
Y:\250528\250528_BOM0753_L_HD_1\png\250528_BOM0753_L_HD_1_M0.png
Y:\250528\250528_BOM0753_R_1_HD_1\png\250528_BOM0753_R_1_HD_1_M0.png
Y:\250528\250528_BOM0753_R_HD_1\png\250528_BOM0753_R_HD_1_M0.png
Y:\250606\250606_BOM0753_L_1_HD_4\png\250606_BOM0753_L_1_HD_4_M0.png
Y:\250606\250606_BOM0753_L_2_HD_4\png\250606_BOM0753_L_2_HD_4_M0.png
Y:\250606\250606_BOM0753_L_HD_4\png\250606_BOM0753_L_HD_4_M0.png
Y:\250606\250606_BOM0753_R_1_HD_4\png\250606_BOM0753_R_1_HD_4_M0.png
Y:\250606\250606_BOM0753_R_2_HD_4\png\250606_BOM0753_R_2_HD_4_M0.png
Y:\250606\250606_BOM0753_R_HD_4\png\250606_BOM0753_R_HD_4_M0.png
Y:\250624\250624_BOM0753_L_0_BL2_HD_1\png\250624_BOM0753_L_0_BL2_HD_1_M0.png
Y:\250624\250624_BOM0753_L_0_BL_HD_1\png\250624_BOM0753_L_0_BL_HD_1_M0.png
Y:\250624\250624_BOM0753_L_1_BL2_HD_1\png\250624_BOM0753_L_1_BL2_HD_1_M0.png
Y:\250624\250624_BOM0753_L_1_BL_HD_1\png\250624_BOM0753_L_1_BL_HD_1_M0.png
Y:\250624\250624_BOM0753_L_2_BL2_HD_1\png\250624_BOM0753_L_2_BL2_HD_1_M0.png
Y:\250624\250624_BOM0753_L_2_BL_HD_1\png\250624_BOM0753_L_2_BL_HD_1_M0.png
Y:\250624\250624_BOM0753_L_3_BL_HD_1\png\250624_BOM0753_L_3_BL_HD_1_M0.png
Y:\250624\250624_BOM0753_L_4_HD_1\png\250624_BOM0753_L_4_HD_1_M0.png
Y:\250624\250624_BOM0753_L_5_HD_1\png\250624_BOM0753_L_5_HD_1_M0.png
Y:\250624\250624_BOM0753_L_6_HD_1\png\250624_BOM0753_L_6_HD_1_M0.png
Y:\250624\250624_BOM0753_L_7_HD_1\png\250624_BOM0753_L_7_HD_1_M0.png
Y:\250624\250624_BOM0753_L_8_HD_1\png\250624_BOM0753_L_8_HD_1_M0.png
Y:\250806\250806_BOM0753_L_1_HD_1\png\250806_BOM0753_L_1_HD_1_M0.png
Y:\250806\250806_BOM0753_L_2_HD_1\png\250806_BOM0753_L_2_HD_1_M0.png
Y:\250806\250806_BOM0753_L_HD_1\png\250806_BOM0753_L_HD_1_M0.png
Y:\250806\250806_BOM0753_R_1_HD_1\png\250806_BOM0753_R_1_HD_1_M0.png
Y:\250806\250806_BOM0753_R_2_HD_1\png\250806_BOM0753_R_2_HD_1_M0.png
Y:\250806\250806_BOM0753_R_HD_1\png\250806_BOM0753_R_HD_1_M0.png","Y:\250428\250428_BOM0753_L_2_HD_1\png\250428_BOM0753_L_2_HD_1_M0.png
Y:\250428\250428_BOM0753_L_3_HD_1\png\250428_BOM0753_L_3_HD_1_M0.png
Y:\250428\250428_BOM0753_L_HD_1\png\250428_BOM0753_L_HD_1_M0.png
Y:\250428\250428_BOM0753_R_1_HD_1\png\250428_BOM0753_R_1_HD_1_M0.png
Y:\250428\250428_BOM0753_R_2_HD_1\png\250428_BOM0753_R_2_HD_1_M0.png
Y:\250428\250428_BOM0753_R_HD_1\png\250428_BOM0753_R_HD_1_M0.png
Y:\250512\250512_BOM0753_L_1_HD_1\png\250512_BOM0753_L_1_HD_1_M0.png
Y:\250512\250512_BOM0753_L_2_HD_1\png\250512_BOM0753_L_2_HD_1_M0.png
Y:\250512\250512_BOM0753_L_HD_1\png\250512_BOM0753_L_HD_1_M0.png
Y:\250512\250512_BOM0753_R_1_HD_1\png\250512_BOM0753_R_1_HD_1_M0.png
Y:\250512\250512_BOM0753_R_2_HD_1\png\250512_BOM0753_R_2_HD_1_M0.png
Y:\250512\250512_BOM0753_R_HD_1\png\250512_BOM0753_R_HD_1_M0.png"
DAD0166,exact_overlap,,data\optic_disc\train\images\0162.png,"data\optic_disc\val\images\0091.png
data\optic_disc\val\images\0092.png
data\optic_disc\val\images\0093.png
data\optic_disc\val\images\0094.png
data\optic_disc\val\images\0095.png
data\optic_disc\val\images\0096.png
data\optic_disc\val\images\0157.png
data\optic_disc\val\images\0158.png
data\optic_disc\val\images\0159.png
data\optic_disc\val\images\0160.png
data\optic_disc\val\images\0161.png",Y:\250512\250512_DAD0166_R_HD_1\png\250512_DAD0166_R_HD_1_M0.png,"Y:\250507\250507_DAD0166_L_1_HD_1\png\250507_DAD0166_L_1_HD_1_M0.png
Y:\250507\250507_DAD0166_L_2_HD_1\png\250507_DAD0166_L_2_HD_1_M0.png
Y:\250507\250507_DAD0166_L_HD_1\png\250507_DAD0166_L_HD_1_M0.png
Y:\250507\250507_DAD0166_R_1_HD_1\png\250507_DAD0166_R_1_HD_1_M0.png
Y:\250507\250507_DAD0166_R_2_HD_1\png\250507_DAD0166_R_2_HD_1_M0.png
Y:\250507\250507_DAD0166_R_HD_1\png\250507_DAD0166_R_HD_1_M0.png
Y:\250512\250512_DAD0166_L_1_HD_1\png\250512_DAD0166_L_1_HD_1_M0.png
Y:\250512\250512_DAD0166_L_2_HD_1\png\250512_DAD0166_L_2_HD_1_M0.png
Y:\250512\250512_DAD0166_L_HD_1\png\250512_DAD0166_L_HD_1_M0.png
Y:\250512\250512_DAD0166_R_1_HD_1\png\250512_DAD0166_R_1_HD_1_M0.png
Y:\250512\250512_DAD0166_R_2_HD_1\png\250512_DAD0166_R_2_HD_1_M0.png"
DEC0014,exact_overlap,,"data\optic_disc\train\images\0163.png
data\optic_disc\train\images\0164.png
data\optic_disc\train\images\0165.png
data\optic_disc\train\images\0166.png
data\optic_disc\train\images\0167.png
data\optic_disc\train\images\0168.png","data\optic_disc\val\images\0058.png
data\optic_disc\val\images\0059.png
data\optic_disc\val\images\0060.png
data\optic_disc\val\images\0061.png
data\optic_disc\val\images\0062.png
data\optic_disc\val\images\0063.png
data\optic_disc\val\images\0097.png
data\optic_disc\val\images\0098.png
data\optic_disc\val\images\0099.png
data\optic_disc\val\images\0100.png
data\optic_disc\val\images\0101.png
data\optic_disc\val\images\0102.png","Y:\250512\250512_DEC0014_L_1_HD_1\png\250512_DEC0014_L_1_HD_1_M0.png
Y:\250512\250512_DEC0014_L_2_HD_1\png\250512_DEC0014_L_2_HD_1_M0.png
Y:\250512\250512_DEC0014_L_HD_1\png\250512_DEC0014_L_HD_1_M0.png
Y:\250512\250512_DEC0014_R_1_HD_1\png\250512_DEC0014_R_1_HD_1_M0.png
Y:\250512\250512_DEC0014_R_2_HD_1\png\250512_DEC0014_R_2_HD_1_M0.png
Y:\250512\250512_DEC0014_R_HD_1\png\250512_DEC0014_R_HD_1_M0.png","Y:\250430\250430_DEC0014_L_1_HD_1\png\250430_DEC0014_L_1_HD_1_M0.png
Y:\250430\250430_DEC0014_L_2_HD_1\png\250430_DEC0014_L_2_HD_1_M0.png
Y:\250430\250430_DEC0014_L_HD_1\png\250430_DEC0014_L_HD_1_M0.png
Y:\250430\250430_DEC0014_R_1_HD_1\png\250430_DEC0014_R_1_HD_1_M0.png
Y:\250430\250430_DEC0014_R_2_HD_1\png\250430_DEC0014_R_2_HD_1_M0.png
Y:\250430\250430_DEC0014_R_HD_1\png\250430_DEC0014_R_HD_1_M0.png
Y:\250507\250507_DEC0014_L_1_HD_1\png\250507_DEC0014_L_1_HD_1_M0.png
Y:\250507\250507_DEC0014_L_2_HD_1\png\250507_DEC0014_L_2_HD_1_M0.png
Y:\250507\250507_DEC0014_L_HD_1\png\250507_DEC0014_L_HD_1_M0.png
Y:\250507\250507_DEC0014_R_1_HD_1\png\250507_DEC0014_R_1_HD_1_M0.png
Y:\250507\250507_DEC0014_R_2_HD_1\png\250507_DEC0014_R_2_HD_1_M0.png
Y:\250507\250507_DEC0014_R_HD_1\png\250507_DEC0014_R_HD_1_M0.png"
DUM0177,exact_overlap,,"data\optic_disc\train\images\0169.png
data\optic_disc\train\images\0170.png
data\optic_disc\train\images\0171.png
data\optic_disc\train\images\0172.png
data\optic_disc\train\images\0173.png
data\optic_disc\train\images\0174.png
data\optic_disc\train\images\0277.png
data\optic_disc\train\images\0278.png
data\optic_disc\train\images\0279.png
data\optic_disc\train\images\0280.png
data\optic_disc\train\images\0281.png
data\optic_disc\train\images\0282.png
data\optic_disc\train\images\0352.png
data\optic_disc\train\images\0353.png
data\optic_disc\train\images\0354.png
data\optic_disc\train\images\0355.png","data\optic_disc\val\images\0130.png
data\optic_disc\val\images\0131.png
data\optic_disc\val\images\0132.png
data\optic_disc\val\images\0133.png
data\optic_disc\val\images\0134.png
data\optic_disc\val\images\0135.png
data\optic_disc\val\images\0136.png
data\optic_disc\val\images\0137.png","Y:\250512\250512_DUM0177_L_1_HD_1\png\250512_DUM0177_L_1_HD_1_M0.png
Y:\250512\250512_DUM0177_L_2_HD_1\png\250512_DUM0177_L_2_HD_1_M0.png
Y:\250512\250512_DUM0177_L_HD_1\png\250512_DUM0177_L_HD_1_M0.png
Y:\250512\250512_DUM0177_R_1_HD_1\png\250512_DUM0177_R_1_HD_1_M0.png
Y:\250512\250512_DUM0177_R_2_HD_1\png\250512_DUM0177_R_2_HD_1_M0.png
Y:\250512\250512_DUM0177_R_HD_1\png\250512_DUM0177_R_HD_1_M0.png
Y:\250523\250523_DUM0177_L_1_HD_1\png\250523_DUM0177_L_1_HD_1_M0.png
Y:\250523\250523_DUM0177_L_2_HD_1\png\250523_DUM0177_L_2_HD_1_M0.png
Y:\250523\250523_DUM0177_L_HD_1\png\250523_DUM0177_L_HD_1_M0.png
Y:\250523\250523_DUM0177_R_1_HD_1\png\250523_DUM0177_R_1_HD_1_M0.png
Y:\250523\250523_DUM0177_R_2_HD_1\png\250523_DUM0177_R_2_HD_1_M0.png
Y:\250523\250523_DUM0177_R_HD_1\png\250523_DUM0177_R_HD_1_M0.png
Y:\250528\250528_DUM0177_L_1_HD_1\png\250528_DUM0177_L_1_HD_1_M0.png
Y:\250528\250528_DUM0177_L_HD_1\png\250528_DUM0177_L_HD_1_M0.png
Y:\250528\250528_DUM0177_R_1_HD_1\png\250528_DUM0177_R_1_HD_1_M0.png
Y:\250528\250528_DUM0177_R_HD_1\png\250528_DUM0177_R_HD_1_M0.png","Y:\250509\250509_DUM0177_L_1_HD_1\png\250509_DUM0177_L_1_HD_1_M0.png
Y:\250509\250509_DUM0177_L_2_HD_1\png\250509_DUM0177_L_2_HD_1_M0.png
Y:\250509\250509_DUM0177_L_HD_1\png\250509_DUM0177_L_HD_1_M0.png
Y:\250509\250509_DUM0177_R_1_HD_1\png\250509_DUM0177_R_1_HD_1_M0.png
Y:\250509\250509_DUM0177_R_2_HD_1\png\250509_DUM0177_R_2_HD_1_M0.png
Y:\250509\250509_DUM0177_R_3_HD_1\png\250509_DUM0177_R_3_HD_1_M0.png
Y:\250509\250509_DUM0177_R_4_HD_1\png\250509_DUM0177_R_4_HD_1_M0.png
Y:\250509\250509_DUM0177_R_HD_1\png\250509_DUM0177_R_HD_1_M0.png"
FIY0713,exact_overlap,,"data\optic_disc\train\images\0226.png
data\optic_disc\train\images\0227.png
data\optic_disc\train\images\0228.png
data\optic_disc\train\images\0229.png
data\optic_disc\train\images\0230.png
data\optic_disc\train\images\0231.png
data\optic_disc\train\images\0241.png
data\optic_disc\train\images\0242.png
data\optic_disc\train\images\0243.png
data\optic_disc\train\images\0244.png
data\optic_disc\train\images\0245.png
data\optic_disc\train\images\0246.png
data\optic_disc\train\images\0265.png
data\optic_disc\train\images\0266.png
data\optic_disc\train\images\0267.png
data\optic_disc\train\images\0268.png
data\optic_disc\train\images\0269.png
data\optic_disc\train\images\0270.png
data\optic_disc\train\images\0283.png
data\optic_disc\train\images\0284.png
data\optic_disc\train\images\0285.png
data\optic_disc\train\images\0286.png
data\optic_disc\train\images\0287.png
data\optic_disc\train\images\0288.png
data\optic_disc\train\images\0289.png
data\optic_disc\train\images\0308.png
data\optic_disc\train\images\0309.png
data\optic_disc\train\images\0310.png
data\optic_disc\train\images\0311.png
data\optic_disc\train\images\0312.png
data\optic_disc\train\images\0313.png
data\optic_disc\train\images\0323.png
data\optic_disc\train\images\0324.png
data\optic_disc\train\images\0325.png
data\optic_disc\train\images\0326.png
data\optic_disc\train\images\0327.png
data\optic_disc\train\images\0328.png
data\optic_disc\train\images\0341.png
data\optic_disc\train\images\0342.png
data\optic_disc\train\images\0343.png
data\optic_disc\train\images\0344.png
data\optic_disc\train\images\0345.png
data\optic_disc\train\images\0346.png
data\optic_disc\train\images\0356.png
data\optic_disc\train\images\0357.png
data\optic_disc\train\images\0358.png
data\optic_disc\train\images\0359.png
data\optic_disc\train\images\0380.png
data\optic_disc\train\images\0381.png
data\optic_disc\train\images\0382.png
data\optic_disc\train\images\0383.png
data\optic_disc\train\images\0384.png
data\optic_disc\train\images\0385.png
data\optic_disc\train\images\0426.png
data\optic_disc\train\images\0427.png
data\optic_disc\train\images\0428.png
data\optic_disc\train\images\0429.png
data\optic_disc\train\images\0430.png
data\optic_disc\train\images\0431.png","data\optic_disc\val\images\0022.png
data\optic_disc\val\images\0023.png
data\optic_disc\val\images\0024.png
data\optic_disc\val\images\0025.png
data\optic_disc\val\images\0026.png
data\optic_disc\val\images\0027.png","Y:\250519\250519_FIY0713_L_1_HD_2\png\250519_FIY0713_L_1_HD_2_M0.png
Y:\250519\250519_FIY0713_L_2_HD_2\png\250519_FIY0713_L_2_HD_2_M0.png
Y:\250519\250519_FIY0713_L_HD_2\png\250519_FIY0713_L_HD_2_M0.png
Y:\250519\250519_FIY0713_R_1_HD_2\png\250519_FIY0713_R_1_HD_2_M0.png
Y:\250519\250519_FIY0713_R_2_HD_2\png\250519_FIY0713_R_2_HD_2_M0.png
Y:\250519\250519_FIY0713_R_HD_2\png\250519_FIY0713_R_HD_2_M0.png
Y:\250520\250520_FIY0713_L_1_HD_1\png\250520_FIY0713_L_1_HD_1_M0.png
Y:\250520\250520_FIY0713_L_2_HD_1\png\250520_FIY0713_L_2_HD_1_M0.png
Y:\250520\250520_FIY0713_L_HD_1\png\250520_FIY0713_L_HD_1_M0.png
Y:\250520\250520_FIY0713_R_1_HD_1\png\250520_FIY0713_R_1_HD_1_M0.png
Y:\250520\250520_FIY0713_R_2_HD_1\png\250520_FIY0713_R_2_HD_1_M0.png
Y:\250520\250520_FIY0713_R_HD_1\png\250520_FIY0713_R_HD_1_M0.png
Y:\250522\250522_FIY0713_R_1_HD_1\png\250522_FIY0713_R_1_HD_1_M0.png
Y:\250522\250522_FIY0713_R_2_HD_1\png\250522_FIY0713_R_2_HD_1_M0.png
Y:\250522\250522_FIY0713_R_3_HD_1\png\250522_FIY0713_R_3_HD_1_M0.png
Y:\250522\250522_FIY0713_R_4_HD_1\png\250522_FIY0713_R_4_HD_1_M0.png
Y:\250522\250522_FIY0713_R_5_HD_1\png\250522_FIY0713_R_5_HD_1_M0.png
Y:\250522\250522_FIY0713_R_HD_1\png\250522_FIY0713_R_HD_1_M0.png
Y:\250523\250523_FIY0713_L_1_HD_1\png\250523_FIY0713_L_1_HD_1_M0.png
Y:\250523\250523_FIY0713_L_2_HD_1\png\250523_FIY0713_L_2_HD_1_M0.png
Y:\250523\250523_FIY0713_L_HD_1\png\250523_FIY0713_L_HD_1_M0.png
Y:\250523\250523_FIY0713_R_1_HD_1\png\250523_FIY0713_R_1_HD_1_M0.png
Y:\250523\250523_FIY0713_R_2_HD_1\png\250523_FIY0713_R_2_HD_1_M0.png
Y:\250523\250523_FIY0713_R_3_HD_1\png\250523_FIY0713_R_3_HD_1_M0.png
Y:\250523\250523_FIY0713_R_HD_1\png\250523_FIY0713_R_HD_1_M0.png
Y:\250526\250526_FIY0713_L_1_HD_1\png\250526_FIY0713_L_1_HD_1_M0.png
Y:\250526\250526_FIY0713_L_2_HD_1\png\250526_FIY0713_L_2_HD_1_M0.png
Y:\250526\250526_FIY0713_L_HD_1\png\250526_FIY0713_L_HD_1_M0.png
Y:\250526\250526_FIY0713_R_1_HD_1\png\250526_FIY0713_R_1_HD_1_M0.png
Y:\250526\250526_FIY0713_R_2_HD_1\png\250526_FIY0713_R_2_HD_1_M0.png
Y:\250526\250526_FIY0713_R_HD_1\png\250526_FIY0713_R_HD_1_M0.png
Y:\250527\after_5mW\250527_FIY0713_R_1_HD_1\png\250527_FIY0713_R_1_HD_1_M0.png
Y:\250527\after_5mW\250527_FIY0713_R_2_HD_1\png\250527_FIY0713_R_2_HD_1_M0.png
Y:\250527\after_5mW\250527_FIY0713_R_3_HD_1\png\250527_FIY0713_R_3_HD_1_M0.png
Y:\250527\after_5mW\250527_FIY0713_R_4_HD_1\png\250527_FIY0713_R_4_HD_1_M0.png
Y:\250527\after_5mW\250527_FIY0713_R_5_HD_1\png\250527_FIY0713_R_5_HD_1_M0.png
Y:\250527\after_5mW\250527_FIY0713_R_HD_1\png\250527_FIY0713_R_HD_1_M0.png
Y:\250527\before_2_5mW\250527_FIY0713_L_1_HD_1\png\250527_FIY0713_L_1_HD_1_M0.png
Y:\250527\before_2_5mW\250527_FIY0713_L_2_HD_1\png\250527_FIY0713_L_2_HD_1_M0.png
Y:\250527\before_2_5mW\250527_FIY0713_L_HD_1\png\250527_FIY0713_L_HD_1_M0.png
Y:\250527\before_2_5mW\250527_FIY0713_R_1_HD_1\png\250527_FIY0713_R_1_HD_1_M0.png
Y:\250527\before_2_5mW\250527_FIY0713_R_2_HD_1\png\250527_FIY0713_R_2_HD_1_M0.png
Y:\250527\before_2_5mW\250527_FIY0713_R_HD_1\png\250527_FIY0713_R_HD_1_M0.png
Y:\250528\250528_FIY0713_L_1_HD_1\png\250528_FIY0713_L_1_HD_1_M0.png
Y:\250528\250528_FIY0713_L_HD_1\png\250528_FIY0713_L_HD_1_M0.png
Y:\250528\250528_FIY0713_R_1_HD_1\png\250528_FIY0713_R_1_HD_1_M0.png
Y:\250528\250528_FIY0713_R_HD_1\png\250528_FIY0713_R_HD_1_M0.png
Y:\250606\250606_FIY0713_L_1_HD_4\png\250606_FIY0713_L_1_HD_4_M0.png
Y:\250606\250606_FIY0713_L_2_HD_4\png\250606_FIY0713_L_2_HD_4_M0.png
Y:\250606\250606_FIY0713_L_HD_4\png\250606_FIY0713_L_HD_4_M0.png
Y:\250606\250606_FIY0713_R_1_HD_4\png\250606_FIY0713_R_1_HD_4_M0.png
Y:\250606\250606_FIY0713_R_2_HD_4\png\250606_FIY0713_R_2_HD_4_M0.png
Y:\250606\250606_FIY0713_R_HD_4\png\250606_FIY0713_R_HD_4_M0.png
Y:\250619\250619_FIY0713_L_1_HD_1\png\250619_FIY0713_L_1_HD_1_M0.png
Y:\250619\250619_FIY0713_L_2_HD_1\png\250619_FIY0713_L_2_HD_1_M0.png
Y:\250619\250619_FIY0713_L_3_HD_1\png\250619_FIY0713_L_3_HD_1_M0.png
Y:\250619\250619_FIY0713_L_4_HD_1\png\250619_FIY0713_L_4_HD_1_M0.png
Y:\250619\250619_FIY0713_L_5_HD_1\png\250619_FIY0713_L_5_HD_1_M0.png
Y:\250619\250619_FIY0713_L_HD_1\png\250619_FIY0713_L_HD_1_M0.png","Y:\250428\250428_FIY0713_L_1_HD_1\png\250428_FIY0713_L_1_HD_1_M0.png
Y:\250428\250428_FIY0713_L_2_HD_1\png\250428_FIY0713_L_2_HD_1_M0.png
Y:\250428\250428_FIY0713_L_HD_1\png\250428_FIY0713_L_HD_1_M0.png
Y:\250428\250428_FIY0713_R_1_HD_1\png\250428_FIY0713_R_1_HD_1_M0.png
Y:\250428\250428_FIY0713_R_2_HD_1\png\250428_FIY0713_R_2_HD_1_M0.png
Y:\250428\250428_FIY0713_R_HD_1\png\250428_FIY0713_R_HD_1_M0.png"
GUJ,exact_overlap,,"data\optic_disc\train\images\0175.png
data\optic_disc\train\images\0176.png
data\optic_disc\train\images\0177.png
data\optic_disc\train\images\0178.png
data\optic_disc\train\images\0179.png
data\optic_disc\train\images\0180.png
data\optic_disc\train\images\0187.png
data\optic_disc\train\images\0188.png
data\optic_disc\train\images\0189.png
data\optic_disc\train\images\0190.png
data\optic_disc\train\images\0191.png
data\optic_disc\train\images\0192.png
data\optic_disc\train\images\0290.png
data\optic_disc\train\images\0291.png
data\optic_disc\train\images\0292.png
data\optic_disc\train\images\0293.png
data\optic_disc\train\images\0294.png
data\optic_disc\train\images\0295.png
data\optic_disc\train\images\0329.png
data\optic_disc\train\images\0330.png
data\optic_disc\train\images\0331.png
data\optic_disc\train\images\0332.png
data\optic_disc\train\images\0333.png
data\optic_disc\train\images\0334.png
data\optic_disc\train\images\0347.png
data\optic_disc\train\images\0386.png
data\optic_disc\train\images\0387.png
data\optic_disc\train\images\0388.png
data\optic_disc\train\images\0389.png
data\optic_disc\train\images\0390.png
data\optic_disc\train\images\0391.png","data\optic_disc\val\images\0028.png
data\optic_disc\val\images\0029.png
data\optic_disc\val\images\0030.png
data\optic_disc\val\images\0031.png
data\optic_disc\val\images\0032.png
data\optic_disc\val\images\0033.png
data\optic_disc\val\images\0034.png
data\optic_disc\val\images\0035.png
data\optic_disc\val\images\0103.png
data\optic_disc\val\images\0104.png
data\optic_disc\val\images\0105.png
data\optic_disc\val\images\0106.png
data\optic_disc\val\images\0107.png
data\optic_disc\val\images\0108.png
data\optic_disc\val\images\0138.png
data\optic_disc\val\images\0139.png
data\optic_disc\val\images\0140.png
data\optic_disc\val\images\0141.png
data\optic_disc\val\images\0142.png
data\optic_disc\val\images\0143.png
data\optic_disc\val\images\0144.png","Y:\250512\250512_GUJ_L_1_HD_1\png\250512_GUJ_L_1_HD_1_M0.png
Y:\250512\250512_GUJ_L_2_HD_1\png\250512_GUJ_L_2_HD_1_M0.png
Y:\250512\250512_GUJ_L_HD_1\png\250512_GUJ_L_HD_1_M0.png
Y:\250512\250512_GUJ_R_1_HD_1\png\250512_GUJ_R_1_HD_1_M0.png
Y:\250512\250512_GUJ_R_2_HD_1\png\250512_GUJ_R_2_HD_1_M0.png
Y:\250512\250512_GUJ_R_HD_1\png\250512_GUJ_R_HD_1_M0.png
Y:\250514\250514_GUJ_1_HD_1\png\250514_GUJ_1_HD_1_M0.png
Y:\250514\250514_GUJ_2_HD_1\png\250514_GUJ_2_HD_1_M0.png
Y:\250514\250514_GUJ_HD_1\png\250514_GUJ_HD_1_M0.png
Y:\250514\250514_GUJ_L_1_HD_1\png\250514_GUJ_L_1_HD_1_M0.png
Y:\250514\250514_GUJ_L_2_HD_1\png\250514_GUJ_L_2_HD_1_M0.png
Y:\250514\250514_GUJ_L_HD_1\png\250514_GUJ_L_HD_1_M0.png
Y:\250523\250523_GUJ_L_1_HD_1\png\250523_GUJ_L_1_HD_1_M0.png
Y:\250523\250523_GUJ_L_2_HD_1\png\250523_GUJ_L_2_HD_1_M0.png
Y:\250523\250523_GUJ_L_HD_1\png\250523_GUJ_L_HD_1_M0.png
Y:\250523\250523_GUJ_R_1_HD_1\png\250523_GUJ_R_1_HD_1_M0.png
Y:\250523\250523_GUJ_R_2_HD_1\png\250523_GUJ_R_2_HD_1_M0.png
Y:\250523\250523_GUJ_R_HD_1\png\250523_GUJ_R_HD_1_M0.png
Y:\250527\after_5mW\250527_GUJ_L_1_HD_2\png\250527_GUJ_L_1_HD_2_M0.png
Y:\250527\after_5mW\250527_GUJ_L_2_HD_2\png\250527_GUJ_L_2_HD_2_M0.png
Y:\250527\after_5mW\250527_GUJ_L_HD_4\png\250527_GUJ_L_HD_4_M0.png
Y:\250527\after_5mW\250527_GUJ_R_1_HD_2\png\250527_GUJ_R_1_HD_2_M0.png
Y:\250527\after_5mW\250527_GUJ_R_2_HD_2\png\250527_GUJ_R_2_HD_2_M0.png
Y:\250527\after_5mW\250527_GUJ_R_HD_1\png\250527_GUJ_R_HD_1_M0.png
Y:\250527\before_2_5mW\250527_GUJ_L_HD_1\png\250527_GUJ_L_HD_1_M0.png
Y:\250606\250606_GUJ_L_1_HD_4\png\250606_GUJ_L_1_HD_4_M0.png
Y:\250606\250606_GUJ_L_2_HD_4\png\250606_GUJ_L_2_HD_4_M0.png
Y:\250606\250606_GUJ_L_HD_4\png\250606_GUJ_L_HD_4_M0.png
Y:\250606\250606_GUJ_R_1_HD_4\png\250606_GUJ_R_1_HD_4_M0.png
Y:\250606\250606_GUJ_R_2_HD_4\png\250606_GUJ_R_2_HD_4_M0.png
Y:\250606\250606_GUJ_R_HD_4\png\250606_GUJ_R_HD_4_M0.png","Y:\250428\250428_GUJ_L_1_HD_1\png\250428_GUJ_L_1_HD_1_M0.png
Y:\250428\250428_GUJ_L_2_HD_1\png\250428_GUJ_L_2_HD_1_M0.png
Y:\250428\250428_GUJ_L_HD_1\png\250428_GUJ_L_HD_1_M0.png
Y:\250428\250428_GUJ_R_1_HD_1\png\250428_GUJ_R_1_HD_1_M0.png
Y:\250428\250428_GUJ_R_2_HD_1\png\250428_GUJ_R_2_HD_1_M0.png
Y:\250428\250428_GUJ_R_3_HD_1\png\250428_GUJ_R_3_HD_1_M0.png
Y:\250428\250428_GUJ_R_4_HD_1\png\250428_GUJ_R_4_HD_1_M0.png
Y:\250428\250428_GUJ_R_HD_1\png\250428_GUJ_R_HD_1_M0.png
Y:\250507\250507_GUJ_L_1_HD_1\png\250507_GUJ_L_1_HD_1_M0.png
Y:\250507\250507_GUJ_L_2_HD_1\png\250507_GUJ_L_2_HD_1_M0.png
Y:\250507\250507_GUJ_R_1_HD_1\png\250507_GUJ_R_1_HD_1_M0.png
Y:\250507\250507_GUJ_R_2_HD_1\png\250507_GUJ_R_2_HD_1_M0.png
Y:\250507\250507_GUJ_R_3_HD_1\png\250507_GUJ_R_3_HD_1_M0.png
Y:\250507\250507_GUJ_R_HD_1\png\250507_GUJ_R_HD_1_M0.png
Y:\250509\250509_GUJ_L_1_HD_1\png\250509_GUJ_L_1_HD_1_M0.png
Y:\250509\250509_GUJ_L_2_HD_1\png\250509_GUJ_L_2_HD_1_M0.png
Y:\250509\250509_GUJ_L_3_HD_1\png\250509_GUJ_L_3_HD_1_M0.png
Y:\250509\250509_GUJ_L_HD_1\png\250509_GUJ_L_HD_1_M0.png
Y:\250509\250509_GUJ_R_1_HD_1\png\250509_GUJ_R_1_HD_1_M0.png
Y:\250509\250509_GUJ_R_2_HD_1\png\250509_GUJ_R_2_HD_1_M0.png
Y:\250509\250509_GUJ_R_HD_1\png\250509_GUJ_R_HD_1_M0.png"
LEC0430,exact_overlap,,"data\optic_disc\train\images\0181.png
data\optic_disc\train\images\0182.png
data\optic_disc\train\images\0183.png
data\optic_disc\train\images\0184.png
data\optic_disc\train\images\0185.png
data\optic_disc\train\images\0186.png
data\optic_disc\train\images\0360.png
data\optic_disc\train\images\0361.png","data\optic_disc\val\images\0109.png
data\optic_disc\val\images\0110.png
data\optic_disc\val\images\0111.png
data\optic_disc\val\images\0112.png
data\optic_disc\val\images\0113.png
data\optic_disc\val\images\0114.png
data\optic_disc\val\images\0115.png","Y:\250512\250512_LEC0430_L_1_HD_1\png\250512_LEC0430_L_1_HD_1_M0.png
Y:\250512\250512_LEC0430_L_2_HD_1\png\250512_LEC0430_L_2_HD_1_M0.png
Y:\250512\250512_LEC0430_L_HD_1\png\250512_LEC0430_L_HD_1_M0.png
Y:\250512\250512_LEC0430_R_1_HD_1\png\250512_LEC0430_R_1_HD_1_M0.png
Y:\250512\250512_LEC0430_R_2_HD_1\png\250512_LEC0430_R_2_HD_1_M0.png
Y:\250512\250512_LEC0430_R_HD_1\png\250512_LEC0430_R_HD_1_M0.png
Y:\250604\tristan come\250604_LEC_0430_L_HD_2\png\250604_LEC_0430_L_HD_2_M0.png
Y:\250604\tristan come\250604_LEC_0430_R_HD_1\png\250604_LEC_0430_R_HD_1_M0.png","Y:\250507\250507_LEC0430_L_1_HD_1\png\250507_LEC0430_L_1_HD_1_M0.png
Y:\250507\250507_LEC0430_L_2_HD_1\png\250507_LEC0430_L_2_HD_1_M0.png
Y:\250507\250507_LEC0430_L_HD_1\png\250507_LEC0430_L_HD_1_M0.png
Y:\250507\250507_LEC0430_R_1_HD_1\png\250507_LEC0430_R_1_HD_1_M0.png
Y:\250507\250507_LEC0430_R_2_HD_1\png\250507_LEC0430_R_2_HD_1_M0.png
Y:\250507\250507_LEC0430_R_3_HD_1\png\250507_LEC0430_R_3_HD_1_M0.png
Y:\250507\250507_LEC0430_R_HD_1\png\250507_LEC0430_R_HD_1_M0.png"
